Datetime,Water Level (m)
2025-12-29 12:00:00,0.01625641
2025-12-29 13:00:00,-0.09977156
2025-12-29 14:00:00,-0.22433496
2025-12-29 15:00:00,-0.32238993
2025-12-29 16:00:00,-0.38175067
2025-12-29 17:00:00,-0.37402773
2025-12-29 18:00:00,-0.30242828
2025-12-29 19:00:00,-0.19306687
2025-12-29 20:00:00,-0.08269352
2025-12-29 21:00:00,-0.00079581636
2025-12-29 22:00:00,0.031433478
2025-12-29 23:00:00,0.004771057
2025-12-30 00:00:00,-0.10091206
2025-12-30 01:00:00,-0.25422883
2025-12-30 02:00:00,-0.4252693
2025-12-30 03:00:00,-0.56953365
2025-12-30 04:00:00,-0.6552553
2025-12-30 05:00:00,-0.67157435
2025-12-30 06:00:00,-0.5983106
2025-12-30 07:00:00,-0.4395804
2025-12-30 08:00:00,-0.24058834
2025-12-30 09:00:00,-0.049957287
2025-12-30 10:00:00,0.094592005
2025-12-30 11:00:00,0.18028714
2025-12-30 12:00:00,0.17911293
2025-12-30 13:00:00,0.09272095
2025-12-30 14:00:00,-0.044350535
2025-12-30 15:00:00,-0.191048
2025-12-30 16:00:00,-0.317608
2025-12-30 17:00:00,-0.40364212
2025-12-30 18:00:00,-0.4215017
2025-12-30 19:00:00,-0.36121213
2025-12-30 20:00:00,-0.2522329
2025-12-30 21:00:00,-0.13189682
2025-12-30 22:00:00,-0.031309403
2025-12-30 23:00:00,0.020382721
2025-12-31 00:00:00,0.005648454
2025-12-31 01:00:00,-0.09418741
2025-12-31 02:00:00,-0.2591047
2025-12-31 03:00:00,-0.44275048
2025-12-31 04:00:00,-0.5890099
2025-12-31 05:00:00,-0.68272656
2025-12-31 06:00:00,-0.7000433
2025-12-31 07:00:00,-0.6106379
2025-12-31 08:00:00,-0.42989263
2025-12-31 09:00:00,-0.21101706
2025-12-31 10:00:00,-0.0028926865
2025-12-31 11:00:00,0.16625531
2025-12-31 12:00:00,0.26205003
2025-12-31 13:00:00,0.26050818
2025-12-31 14:00:00,0.15959556
2025-12-31 15:00:00,-0.003897392
2025-12-31 16:00:00,-0.1779422
2025-12-31 17:00:00,-0.33822253
2025-12-31 18:00:00,-0.45320186
2025-12-31 19:00:00,-0.48610255
2025-12-31 20:00:00,-0.43001735
2025-12-31 21:00:00,-0.30867606
2025-12-31 22:00:00,-0.16744356
2025-12-31 23:00:00,-0.04688442
2026-01-01 00:00:00,0.023816088
2026-01-01 01:00:00,0.013944036
2026-01-01 02:00:00,-0.09623518
2026-01-01 03:00:00,-0.27275845
2026-01-01 04:00:00,-0.46278477
2026-01-01 05:00:00,-0.62007564
2026-01-01 06:00:00,-0.7256739
2026-01-01 07:00:00,-0.7395212
2026-01-01 08:00:00,-0.63394487
2026-01-01 09:00:00,-0.4375314
2026-01-01 10:00:00,-0.20436421
2026-01-01 11:00:00,0.029554997
2026-01-01 12:00:00,0.21428555
2026-01-01 13:00:00,0.31411508
2026-01-01 14:00:00,0.29686388
2026-01-01 15:00:00,0.16993375
2026-01-01 16:00:00,-0.02092642
2026-01-01 17:00:00,-0.22699845
2026-01-01 18:00:00,-0.4177754
2026-01-01 19:00:00,-0.54559714
2026-01-01 20:00:00,-0.57959926
2026-01-01 21:00:00,-0.50949097
2026-01-01 22:00:00,-0.3738482
2026-01-01 23:00:00,-0.20923436
2026-01-02 00:00:00,-0.065883696
2026-01-02 01:00:00,0.020216439
2026-01-02 02:00:00,0.0043247864
2026-01-02 03:00:00,-0.11008781
2026-01-02 04:00:00,-0.29774427
2026-01-02 05:00:00,-0.49299303
2026-01-02 06:00:00,-0.66531515
2026-01-02 07:00:00,-0.7678757
2026-01-02 08:00:00,-0.76793903
2026-01-02 09:00:00,-0.64561087
2026-01-02 10:00:00,-0.43328053
2026-01-02 11:00:00,-0.17671539
2026-01-02 12:00:00,0.07415452
2026-01-02 13:00:00,0.2701488
2026-01-02 14:00:00,0.35524535
2026-01-02 15:00:00,0.31035045
2026-01-02 16:00:00,0.15545632
2026-01-02 17:00:00,-0.07020438
2026-01-02 18:00:00,-0.30537426
2026-01-02 19:00:00,-0.51596415
2026-01-02 20:00:00,-0.64976776
2026-01-02 21:00:00,-0.6680211
2026-01-02 22:00:00,-0.5752587
2026-01-02 23:00:00,-0.41299975
2026-01-03 00:00:00,-0.2237417
2026-01-03 01:00:00,-0.059238523
2026-01-03 02:00:00,0.030453337
2026-01-03 03:00:00,0.008147126
2026-01-03 04:00:00,-0.122235924
2026-01-03 05:00:00,-0.31825116
2026-01-03 06:00:00,-0.52922964
2026-01-03 07:00:00,-0.6981787
2026-01-03 08:00:00,-0.7940371
2026-01-03 09:00:00,-0.7754745
2026-01-03 10:00:00,-0.63392246
2026-01-03 11:00:00,-0.39496964
2026-01-03 12:00:00,-0.120643735
2026-01-03 13:00:00,0.13912237
2026-01-03 14:00:00,0.32110143
2026-01-03 15:00:00,0.38248053
2026-01-03 16:00:00,0.30556837
2026-01-03 17:00:00,0.120246895
2026-01-03 18:00:00,-0.13390505
2026-01-03 19:00:00,-0.38983497
2026-01-03 20:00:00,-0.60524845
2026-01-03 21:00:00,-0.72261816
2026-01-03 22:00:00,-0.7203164
2026-01-03 23:00:00,-0.6012134
2026-01-04 00:00:00,-0.40470812
2026-01-04 01:00:00,-0.20259273
2026-01-04 02:00:00,-0.04105981
2026-01-04 03:00:00,0.037122607
2026-01-04 04:00:00,-0.00064349704
2026-01-04 05:00:00,-0.14035492
2026-01-04 06:00:00,-0.34464008
2026-01-04 07:00:00,-0.5510496
2026-01-04 08:00:00,-0.70983213
2026-01-04 09:00:00,-0.79405046
2026-01-04 10:00:00,-0.7563542
2026-01-04 11:00:00,-0.5907469
2026-01-04 12:00:00,-0.33360642
